,precision,recall,f1-score,support,accuracy,roc_auc
0,0.8235294117647058,0.8412017167381974,0.832271762208068,233.0,0.7898936170212766,0.8386206068609503
1,0.7318840579710145,0.7062937062937062,0.7188612099644128,143.0,0.7898936170212766,0.8386206068609503
accuracy,0.7898936170212766,0.7898936170212766,0.7898936170212766,0.7898936170212766,0.7898936170212766,0.8386206068609503
macro avg,0.7777067348678601,0.7737477115159519,0.7755664860862403,376.0,0.7898936170212766,0.8386206068609503
weighted avg,0.7886749288059349,0.7898936170212766,0.7891395574983799,376.0,0.7898936170212766,0.8386206068609503
