,precision,recall,f1-score,support,accuracy,roc_auc
0,0.8968253968253969,0.9699570815450643,0.931958762886598,233.0,0.9122340425531915,0.9768600498214233
1,0.9435483870967742,0.8181818181818182,0.8764044943820225,143.0,0.9122340425531915,0.9768600498214233
accuracy,0.9122340425531915,0.9122340425531915,0.9122340425531915,0.9122340425531915,0.9122340425531915,0.9768600498214233
macro avg,0.9201868919610856,0.8940694498634413,0.9041816286343103,376.0,0.9122340425531915,0.9768600498214233
weighted avg,0.91459504472116,0.9122340425531915,0.9108304107691664,376.0,0.9122340425531915,0.9768600498214233
