,precision,recall,f1-score,support,accuracy,roc_auc
0,0.9105691056910569,0.9613733905579399,0.9352818371607515,233.0,0.9175531914893617,0.9840631471532759
1,0.9307692307692308,0.8461538461538461,0.8864468864468864,143.0,0.9175531914893617,0.9840631471532759
accuracy,0.9175531914893617,0.9175531914893617,0.9175531914893617,0.9175531914893617,0.9175531914893617,0.9840631471532759
macro avg,0.9206691682301438,0.903763618355893,0.910864361803819,376.0,0.9175531914893617,0.9840631471532759
weighted avg,0.9182516000691922,0.9175531914893617,0.9167089702669144,376.0,0.9175531914893617,0.9840631471532759
